ACE2,Interaction energy,Spike
SER 19,-2.437,ALA 475
SER 19,-0.029,GLY 476
SER 19,-0.134,SER 477
THR 20,-0.023,GLY 476
GLU 23,-0.195,ALA 475
GLN 24,-1.216,ALA 475
GLN 24,-0.85,GLY 476
GLN 24,-0.237,PHE 486
GLN 24,-1.428,ASN 487
GLN 24,-0.166,TYR 489
ALA 25,-0.002,ALA 475
LYS 26,-0.075,PHE 456
THR 27,-0.02,LEU 455
THR 27,-2.184,PHE 456
THR 27,-1.103,TYR 473
THR 27,-0.845,ALA 475
THR 27,-0.041,ASN 487
THR 27,-1.378,TYR 489
PHE 28,-0.068,PHE 456
PHE 28,-0.034,ASN 487
PHE 28,-0.724,TYR 489
LEU 29,-0.001,PHE 456
ASP 30,-4.645,LYS 417
ASP 30,-0.728,LEU 455
ASP 30,-0.779,PHE 456
ASP 30,-0.095,GLN 493
LYS 31,-1.315,LEU 455
LYS 31,-0.762,PHE 456
LYS 31,-0.333,GLU 484
LYS 31,-0.001,CYS 488
LYS 31,-0.803,TYR 489
LYS 31,-0.086,PHE 490
LYS 31,-0.009,LEU 492
PHE 32,-0.005,LEU 455
PHE 32,-0.066,GLN 493
HIS 34,-0.111,ARG 403
HIS 34,-0.223,LYS 417
HIS 34,-0.478,TYR 453
HIS 34,-1.537,LEU 455
HIS 34,-0.305,GLN 493
GLU 35,-0.005,GLN 493
GLU 37,-0.087,TYR 505
ASP 38,-0.076,GLY 447
ASP 38,-3.387,TYR 449
ASP 38,-0.025,SER 494
ASP 38,-0.099,TYR 495
ASP 38,-0.279,GLY 496
ASP 38,-0.298,GLN 498
TYR 41,-0.856,GLN 498
TYR 41,-1.886,THR 500
GLN 42,-1.611,GLY 446
GLN 42,-0.109,GLY 447
GLN 42,-0.03,TYR 449
LEU 45,-0.22,GLN 498
LEU 45,-0.226,THR 500
LEU 79,-0.058,GLY 485
LEU 79,-1.211,PHE 486
LEU 79,-0.247,TYR 489
ALA 80,-0.001,PHE 486
MET 82,-2.427,PHE 486
TYR 83,-1.622,PHE 486
TYR 83,-1.619,ASN 487
ASN 330,-0.013,THR 500
GLY 352,-0.02,ASN 501
GLY 352,-0.148,GLY 502
LYS 353,-1.874,GLY 496
LYS 353,-1.398,ASN 501
LYS 353,-2.008,GLY 502
LYS 353,-3.648,TYR 505
GLY 354,-0.002,ASN 501
GLY 354,-0.456,GLY 502
GLY 354,-0.023,VAL 503
GLY 354,-0.39,TYR 505
ASP 355,-0.033,GLY 502
ASP 355,-0.002,TYR 505
ARG 357,-0.147,THR 500
ALA 386,-0.044,TYR 505
